stream_key,reported_at,form_url,verification,registered_form,rejected,po_total_valid,total_cast_form,UDA,DCP,JUBILEE,PNU,PDP,KMM,FPK,PRP,NLP,reviewer_a,reviewer_b,notes
091-PENDING001-01,,,,,,,,,,,,,,,,,,,
091-PENDING002-01,,,,,,,,,,,,,,,,,,,
091-PENDING003-01,,,,,,,,,,,,,,,,,,,
091-PENDING004-01,,,,,,,,,,,,,,,,,,,
091-PENDING005-01,,,,,,,,,,,,,,,,,,,
091-PENDING006-01,,,,,,,,,,,,,,,,,,,
091-PENDING007-01,,,,,,,,,,,,,,,,,,,
091-PENDING008-01,,,,,,,,,,,,,,,,,,,
091-PENDING009-01,,,,,,,,,,,,,,,,,,,
091-PENDING010-01,,,,,,,,,,,,,,,,,,,
091-PENDING011-01,,,,,,,,,,,,,,,,,,,
091-PENDING012-01,,,,,,,,,,,,,,,,,,,
091-PENDING013-01,,,,,,,,,,,,,,,,,,,
091-PENDING014-01,,,,,,,,,,,,,,,,,,,
091-PENDING015-01,,,,,,,,,,,,,,,,,,,
091-PENDING016-01,,,,,,,,,,,,,,,,,,,
091-PENDING017-01,,,,,,,,,,,,,,,,,,,
091-PENDING018-01,,,,,,,,,,,,,,,,,,,
091-PENDING019-01,,,,,,,,,,,,,,,,,,,
091-PENDING020-01,,,,,,,,,,,,,,,,,,,
091-PENDING021-01,,,,,,,,,,,,,,,,,,,
091-PENDING022-01,,,,,,,,,,,,,,,,,,,
091-PENDING023-01,,,,,,,,,,,,,,,,,,,
091-PENDING024-01,,,,,,,,,,,,,,,,,,,
091-PENDING025-01,,,,,,,,,,,,,,,,,,,
091-PENDING026-01,,,,,,,,,,,,,,,,,,,
091-PENDING027-01,,,,,,,,,,,,,,,,,,,
091-PENDING028-01,,,,,,,,,,,,,,,,,,,
091-PENDING029-01,,,,,,,,,,,,,,,,,,,
091-PENDING030-01,,,,,,,,,,,,,,,,,,,
091-PENDING031-01,,,,,,,,,,,,,,,,,,,
091-PENDING032-01,,,,,,,,,,,,,,,,,,,
091-PENDING033-01,,,,,,,,,,,,,,,,,,,
091-PENDING034-01,,,,,,,,,,,,,,,,,,,
091-PENDING035-01,,,,,,,,,,,,,,,,,,,
091-PENDING036-01,,,,,,,,,,,,,,,,,,,
091-PENDING037-01,,,,,,,,,,,,,,,,,,,
091-PENDING038-01,,,,,,,,,,,,,,,,,,,
091-PENDING039-01,,,,,,,,,,,,,,,,,,,
091-PENDING040-01,,,,,,,,,,,,,,,,,,,
091-PENDING041-01,,,,,,,,,,,,,,,,,,,
091-PENDING042-01,,,,,,,,,,,,,,,,,,,
091-PENDING043-01,,,,,,,,,,,,,,,,,,,
091-PENDING044-01,,,,,,,,,,,,,,,,,,,
091-PENDING045-01,,,,,,,,,,,,,,,,,,,
091-PENDING046-01,,,,,,,,,,,,,,,,,,,
091-PENDING047-01,,,,,,,,,,,,,,,,,,,
091-PENDING048-01,,,,,,,,,,,,,,,,,,,
091-PENDING049-01,,,,,,,,,,,,,,,,,,,
091-PENDING050-01,,,,,,,,,,,,,,,,,,,
091-PENDING051-01,,,,,,,,,,,,,,,,,,,
091-PENDING052-01,,,,,,,,,,,,,,,,,,,
091-PENDING053-01,,,,,,,,,,,,,,,,,,,
091-PENDING054-01,,,,,,,,,,,,,,,,,,,
091-PENDING055-01,,,,,,,,,,,,,,,,,,,
091-PENDING056-01,,,,,,,,,,,,,,,,,,,
091-PENDING057-01,,,,,,,,,,,,,,,,,,,
091-PENDING058-01,,,,,,,,,,,,,,,,,,,
091-PENDING059-01,,,,,,,,,,,,,,,,,,,
091-PENDING060-01,,,,,,,,,,,,,,,,,,,
091-PENDING061-01,,,,,,,,,,,,,,,,,,,
091-PENDING062-01,,,,,,,,,,,,,,,,,,,
091-PENDING063-01,,,,,,,,,,,,,,,,,,,
091-PENDING064-01,,,,,,,,,,,,,,,,,,,
091-PENDING065-01,,,,,,,,,,,,,,,,,,,
091-PENDING066-01,,,,,,,,,,,,,,,,,,,
091-PENDING067-01,,,,,,,,,,,,,,,,,,,
091-PENDING068-01,,,,,,,,,,,,,,,,,,,
091-PENDING069-01,,,,,,,,,,,,,,,,,,,
091-PENDING070-01,,,,,,,,,,,,,,,,,,,
091-PENDING071-01,,,,,,,,,,,,,,,,,,,
091-PENDING072-01,,,,,,,,,,,,,,,,,,,
091-PENDING073-01,,,,,,,,,,,,,,,,,,,
091-PENDING074-01,,,,,,,,,,,,,,,,,,,
091-PENDING075-01,,,,,,,,,,,,,,,,,,,
091-PENDING076-01,,,,,,,,,,,,,,,,,,,
091-PENDING077-01,,,,,,,,,,,,,,,,,,,
091-PENDING078-01,,,,,,,,,,,,,,,,,,,
091-PENDING079-01,,,,,,,,,,,,,,,,,,,
091-PENDING080-01,,,,,,,,,,,,,,,,,,,
091-PENDING081-01,,,,,,,,,,,,,,,,,,,
091-PENDING082-01,,,,,,,,,,,,,,,,,,,
091-PENDING083-01,,,,,,,,,,,,,,,,,,,
091-PENDING084-01,,,,,,,,,,,,,,,,,,,
091-PENDING085-01,,,,,,,,,,,,,,,,,,,
091-PENDING086-01,,,,,,,,,,,,,,,,,,,
091-PENDING087-01,,,,,,,,,,,,,,,,,,,
091-PENDING088-01,,,,,,,,,,,,,,,,,,,
091-PENDING089-01,,,,,,,,,,,,,,,,,,,
091-PENDING090-01,,,,,,,,,,,,,,,,,,,
091-PENDING091-01,,,,,,,,,,,,,,,,,,,
091-PENDING092-01,,,,,,,,,,,,,,,,,,,
091-PENDING093-01,,,,,,,,,,,,,,,,,,,
091-PENDING094-01,,,,,,,,,,,,,,,,,,,
091-PENDING095-01,,,,,,,,,,,,,,,,,,,
091-PENDING096-01,,,,,,,,,,,,,,,,,,,
091-PENDING097-01,,,,,,,,,,,,,,,,,,,
091-PENDING098-01,,,,,,,,,,,,,,,,,,,
091-PENDING099-01,,,,,,,,,,,,,,,,,,,
091-PENDING100-01,,,,,,,,,,,,,,,,,,,
091-PENDING101-01,,,,,,,,,,,,,,,,,,,
091-PENDING102-01,,,,,,,,,,,,,,,,,,,
091-PENDING103-01,,,,,,,,,,,,,,,,,,,
091-PENDING104-01,,,,,,,,,,,,,,,,,,,
091-PENDING105-01,,,,,,,,,,,,,,,,,,,
091-PENDING106-01,,,,,,,,,,,,,,,,,,,
091-PENDING107-01,,,,,,,,,,,,,,,,,,,
091-PENDING108-01,,,,,,,,,,,,,,,,,,,
091-PENDING109-01,,,,,,,,,,,,,,,,,,,
091-PENDING110-01,,,,,,,,,,,,,,,,,,,
091-PENDING111-01,,,,,,,,,,,,,,,,,,,
091-PENDING112-01,,,,,,,,,,,,,,,,,,,
091-PENDING113-01,,,,,,,,,,,,,,,,,,,
091-PENDING114-01,,,,,,,,,,,,,,,,,,,
091-PENDING115-01,,,,,,,,,,,,,,,,,,,
091-PENDING116-01,,,,,,,,,,,,,,,,,,,
091-PENDING117-01,,,,,,,,,,,,,,,,,,,
091-PENDING118-01,,,,,,,,,,,,,,,,,,,
091-PENDING119-01,,,,,,,,,,,,,,,,,,,
091-PENDING120-01,,,,,,,,,,,,,,,,,,,
091-PENDING121-01,,,,,,,,,,,,,,,,,,,
091-PENDING122-01,,,,,,,,,,,,,,,,,,,
091-PENDING123-01,,,,,,,,,,,,,,,,,,,
091-PENDING124-01,,,,,,,,,,,,,,,,,,,
091-PENDING125-01,,,,,,,,,,,,,,,,,,,
091-PENDING126-01,,,,,,,,,,,,,,,,,,,
091-PENDING127-01,,,,,,,,,,,,,,,,,,,
091-PENDING128-01,,,,,,,,,,,,,,,,,,,
091-PENDING129-01,,,,,,,,,,,,,,,,,,,
091-PENDING130-01,,,,,,,,,,,,,,,,,,,
091-PENDING131-01,,,,,,,,,,,,,,,,,,,
091-PENDING132-01,,,,,,,,,,,,,,,,,,,
091-PENDING133-01,,,,,,,,,,,,,,,,,,,
091-PENDING134-01,,,,,,,,,,,,,,,,,,,
091-PENDING135-01,,,,,,,,,,,,,,,,,,,
091-PENDING136-01,,,,,,,,,,,,,,,,,,,
091-PENDING137-01,,,,,,,,,,,,,,,,,,,
091-PENDING138-01,,,,,,,,,,,,,,,,,,,
091-PENDING139-01,,,,,,,,,,,,,,,,,,,
091-PENDING140-01,,,,,,,,,,,,,,,,,,,
091-PENDING141-01,,,,,,,,,,,,,,,,,,,
091-PENDING142-01,,,,,,,,,,,,,,,,,,,
091-PENDING143-01,,,,,,,,,,,,,,,,,,,
091-PENDING144-01,,,,,,,,,,,,,,,,,,,
